id,t,x,y,z,sog,cog,action,comment
1,0,999,325,0,0.14147,0,,
2,0,920,340,0,0.14147,0,,
3,0,860,355,0,0.14147,0,,
4,0,800,375,0,0.14147,0,,
5,0,740,400,0,0.14147,0,,
6,0,680,425,0,0.14147,0,,
7,0,620,447,0,0.14147,0,,
8,0,540,463,0,0.14147,0,,
9,0,500,473,0,0.14147,0,,
10,0,420,481,0,0.14147,0,,
11,0,400,549,0,0.14147,0,,
12,0,360,565,0,0.14147,0,,
13,0,300,598,0,0.14147,0,,
14,0,240,635,0,0.14147,0,,
15,0,180,669,0,0.14147,0,,
16,0,120,644,0,0.14147,0,,
17,0,60,600,0,0.14147,0,,
18,0,0,557,0,0.14147,0,,
