Category,Name,Type,Description,Display Name,Unit
Log,CaseId,int,Scenario Key, Scenario hash key,
Log,ReportTime,double,Report time, Time,
Log,CallerId,int,Vessel IMO,Vessel IMO,
Log,TxnType,int,Transaction type,Transaction Type,
Log,Flags,int,Flags,Flags,
Heading,CaseId,int,Scenario Key, Scenario hash key,
Heading,Value,double,Heading,Heading,m/s
Heading,Unit,int,Unit of Measurement,Unit of Measurement,m/s
Heading,StartTime,double,Reading start time,Reading start time,time 
Heading,EndTime,double,Reading end time,Reading end time,time 
Heading,ReportTime,double,Reading report time,Reading report time,time 
Heading,ErrorPct,double,Systemic Error,Systemic Error,%
Heading,Sigma,double,Variance of the measurements,Variance of the measurements,
Heading,MinVal,double,Minimum value,Minimum value,%
Heading,MaxVal,double,Maximum value,Maximum value,%
Heading,NumVal,int,Number of readings made,Number of readings made,
Heading,Gradient,double,Linear gradient of measurements,Linear gradient of measurements,
Heading,Checksum,int,Record checksum,Record checksum,
Heading,Tag,string,Notes,Notes,
Velocity,CaseId,int,Scenario Key, Scenario hash key,
Velocity,Value,double,Velocity,Velocity,m/s
Velocity,Unit,int,Unit of Measurement,Unit of Measurement,m/s
Velocity,StartTime,double,Reading start time,Reading start time,time 
Velocity,EndTime,double,Reading end time,Reading end time,time 
Velocity,ReportTime,double,Reading report time,Reading report time,time 
Velocity,ErrorPct,double,Systemic Error,Systemic Error,%
Velocity,Sigma,double,Variance of the measurements,Variance of the measurements,
Velocity,MinVal,double,Minimum value,Minimum value,%
Velocity,MaxVal,double,Maximum value,Maximum value,%
Velocity,NumVal,int,Number of readings made,Number of readings made,
Velocity,Gradient,double,Linear gradient of measurements,Linear gradient of measurements,
Velocity,Checksum,int,Record checksum,Record checksum,
Velocity,Tag,string,Notes,Notes,
Acceleration,CaseId,int,Scenario Key, Scenario hash key,
Acceleration,Value,double,Velocity,Velocity,m/s²
Acceleration,Unit,int,Unit of Measurement,Unit of Measurement,m/s²
Acceleration,StartTime,double,Reading start time,Reading start time,time 
Acceleration,EndTime,double,Reading end time,Reading end time,time 
Acceleration,ReportTime,double,Reading report time,Reading report time,time 
Acceleration,ErrorPct,double,Systemic Error,Systemic Error,%
Acceleration,Sigma,double,Variance of the measurements,Variance of the measurements,
Acceleration,MinVal,double,Minimum value,Minimum value,%
Acceleration,MaxVal,double,Maximum value,Maximum value,%
Acceleration,NumVal,int,Number of readings made,Number of readings made,
Acceleration,Gradient,double,Linear gradient of measurements,Linear gradient of measurements,
Acceleration,Checksum,int,Record checksum,Record checksum,
Acceleration,Tag,string,Notes,Notes,
Jerk,CaseId,int,Scenario Key, Scenario hash key,
Jerk,Value,double,Velocity,Velocity,m/s
Jerk,Unit,int,Unit of Measurement,Unit of Measurement,m/s
Jerk,StartTime,double,Reading start time,Reading start time,time 
Jerk,EndTime,double,Reading end time,Reading end time,time 
Jerk,ReportTime,double,Reading report time,Reading report time,time 
Jerk,ErrorPct,double,Systemic Error,Systemic Error,%
Jerk,Sigma,double,Variance of the measurements,Variance of the measurements,
Jerk,MinVal,double,Minimum value,Minimum value,%
Jerk,MaxVal,double,Maximum value,Maximum value,%
Jerk,NumVal,int,Number of readings made,Number of readings made,
Jerk,Gradient,double,Linear gradient of measurements,Linear gradient of measurements,
Jerk,Checksum,int,Record checksum,Record checksum,
Jerk,Tag,string,Notes,Notes,
AngularVelocity,CaseId,int,Scenario Key, Scenario hash key,
AngularVelocity,Value,double,Velocity,Velocity,m/s
AngularVelocity,Unit,int,Unit of Measurement,Unit of Measurement,m/s
AngularVelocity,StartTime,double,Reading start time,Reading start time,time 
AngularVelocity,EndTime,double,Reading end time,Reading end time,time 
AngularVelocity,ReportTime,double,Reading report time,Reading report time,time 
AngularVelocity,ErrorPct,double,Systemic Error,Systemic Error,%
AngularVelocity,Sigma,double,Variance of the measurements,Variance of the measurements,
AngularVelocity,MinVal,double,Minimum value,Minimum value,%
AngularVelocity,MaxVal,double,Maximum value,Maximum value,%
AngularVelocity,NumVal,int,Number of readings made,Number of readings made,
AngularVelocity,Gradient,double,Linear gradient of measurements,Linear gradient of measurements,
AngularVelocity,Checksum,int,Record checksum,Record checksum,
AngularVelocity,Tag,string,Notes,Notes,
AngularAcceleration,CaseId,int,Scenario Key, Scenario hash key,
AngularAcceleration,Value,double,Velocity,Velocity,m/s²
AngularAcceleration,Unit,int,Unit of Measurement,Unit of Measurement,m/s²
AngularAcceleration,StartTime,double,Reading start time,Reading start time,time 
AngularAcceleration,EndTime,double,Reading end time,Reading end time,time 
AngularAcceleration,ReportTime,double,Reading report time,Reading report time,time 
AngularAcceleration,ErrorPct,double,Systemic Error,Systemic Error,%
AngularAcceleration,Sigma,double,Variance of the measurements,Variance of the measurements,
AngularAcceleration,MinVal,double,Minimum value,Minimum value,%
AngularAcceleration,MaxVal,double,Maximum value,Maximum value,%
AngularAcceleration,NumVal,int,Number of readings made,Number of readings made,
AngularAcceleration,Gradient,double,Linear gradient of measurements,Linear gradient of measurements,
AngularAcceleration,Checksum,int,Record checksum,Record checksum,
AngularAcceleration,Tag,string,Notes,Notes,
Yaw,CaseId,int,Scenario Key, Scenario hash key,
Yaw,Value,double,Yaw,Yaw,degrees
Yaw,Unit,int,Unit of Measurement,Unit of Measurement,degrees
Yaw,StartTime,double,Reading start time,Reading start time,time 
Yaw,EndTime,double,Reading end time,Reading end time,time 
Yaw,ReportTime,double,Reading report time,Reading report time,time 
Yaw,ErrorPct,double,Systemic Error,Systemic Error,%
Yaw,Sigma,double,Variance of the measurements,Variance of the measurements,
Yaw,MinVal,double,Minimum value,Minimum value,%
Yaw,MaxVal,double,Maximum value,Maximum value,%
Yaw,NumVal,int,Number of readings made,Number of readings made,
Yaw,Gradient,double,Linear gradient of measurements,Linear gradient of measurements,
Yaw,Checksum,int,Record checksum,Record checksum,
Yaw,Tag,string,Notes,Notes,
Pitch,CaseId,int,Scenario Key, Scenario hash key,
Pitch,Value,double,Pitch,Pitch,degrees
Pitch,Unit,int,Unit of Measurement,Unit of Measurement,degrees
Pitch,StartTime,double,Reading start time,Reading start time,time 
Pitch,EndTime,double,Reading end time,Reading end time,time 
Pitch,ReportTime,double,Reading report time,Reading report time,time 
Pitch,ErrorPct,double,Systemic Error,Systemic Error,%
Pitch,Sigma,double,Variance of the measurements,Variance of the measurements,
Pitch,MinVal,double,Minimum value,Minimum value,%
Pitch,MaxVal,double,Maximum value,Maximum value,%
Pitch,NumVal,int,Number of readings made,Number of readings made,
Pitch,Gradient,double,Linear gradient of measurements,Linear gradient of measurements,
Pitch,Checksum,int,Record checksum,Record checksum,
Pitch,Tag,string,Notes,Notes,
Roll,CaseId,int,Scenario Key, Scenario hash key,
Roll,Value,double,Roll,Roll,degrees
Roll,Unit,int,Unit of Measurement,Unit of Measurement,degrees
Roll,StartTime,double,Reading start time,Reading start time,time 
Roll,EndTime,double,Reading end time,Reading end time,time 
Roll,ReportTime,double,Reading report time,Reading report time,time 
Roll,ErrorPct,double,Systemic Error,Systemic Error,%
Roll,Sigma,double,Variance of the measurements,Variance of the measurements,
Roll,MinVal,double,Minimum value,Minimum value,%
Roll,MaxVal,double,Maximum value,Maximum value,%
Roll,NumVal,int,Number of readings made,Number of readings made,
Roll,Gradient,double,Linear gradient of measurements,Linear gradient of measurements,
Roll,Checksum,int,Record checksum,Record checksum,
Roll,Tag,string,Notes,Notes,
Heave,CaseId,int,Scenario Key, Scenario hash key,
Heave,Value,double,Heave,Heave,m
Heave,Unit,int,Unit of Measurement,Unit of Measurement,m
Heave,StartTime,double,Reading start time,Reading start time,time 
Heave,EndTime,double,Reading end time,Reading end time,time 
Heave,ReportTime,double,Reading report time,Reading report time,time 
Heave,ErrorPct,double,Systemic Error,Systemic Error,%
Heave,Sigma,double,Variance of the measurements,Variance of the measurements,
Heave,MinVal,double,Minimum value,Minimum value,%
Heave,MaxVal,double,Maximum value,Maximum value,%
Heave,NumVal,int,Number of readings made,Number of readings made,
Heave,Gradient,double,Linear gradient of measurements,Linear gradient of measurements,
Heave,Checksum,int,Record checksum,Record checksum,
Heave,Tag,string,Notes,Notes,
VerticalMotion,CaseId,int,Scenario Key, Scenario hash key,
VerticalMotion,Value,double,Velocity,Velocity,m/s
VerticalMotion,Unit,int,Unit of Measurement,Unit of Measurement,m/s
VerticalMotion,StartTime,double,Reading start time,Reading start time,time 
VerticalMotion,EndTime,double,Reading end time,Reading end time,time 
VerticalMotion,ReportTime,double,Reading report time,Reading report time,time 
VerticalMotion,ErrorPct,double,Systemic Error,Systemic Error,%
VerticalMotion,Sigma,double,Variance of the measurements,Variance of the measurements,
VerticalMotion,MinVal,double,Minimum value,Minimum value,%
VerticalMotion,MaxVal,double,Maximum value,Maximum value,%
VerticalMotion,NumVal,int,Number of readings made,Number of readings made,
VerticalMotion,Gradient,double,Linear gradient of measurements,Linear gradient of measurements,
VerticalMotion,Checksum,int,Record checksum,Record checksum,
VerticalMotion,Tag,string,Notes,Notes,
VerticalAcceleration,CaseId,int,Scenario Key, Scenario hash key,
VerticalAcceleration,Value,double,Velocity,Velocity,m/s²
VerticalAcceleration,Unit,int,Unit of Measurement,Unit of Measurement,m/s²
VerticalAcceleration,StartTime,double,Reading start time,Reading start time,time 
VerticalAcceleration,EndTime,double,Reading end time,Reading end time,time 
VerticalAcceleration,ReportTime,double,Reading report time,Reading report time,time 
VerticalAcceleration,ErrorPct,double,Systemic Error,Systemic Error,%
VerticalAcceleration,Sigma,double,Variance of the measurements,Variance of the measurements,
VerticalAcceleration,MinVal,double,Minimum value,Minimum value,%
VerticalAcceleration,MaxVal,double,Maximum value,Maximum value,%
VerticalAcceleration,NumVal,int,Number of readings made,Number of readings made,
VerticalAcceleration,Gradient,double,Linear gradient of measurements,Linear gradient of measurements,
VerticalAcceleration,Checksum,int,Record checksum,Record checksum,
VerticalAcceleration,Tag,string,Notes,Notes,
RelativeVelocity,CaseId,int,Scenario Key, Scenario hash key,
RelativeVelocity,Trarget,int,Target Vessel IMO,Target,
RelativeVelocity,Value,double,Relative Velocity,Relative Velocity,kts/hr
RelativeVelocity,Unit,int,Unit of Measurement,Unit of Measurement,kts/hr
RelativeVelocity,StartTime,double,Reading start time,Reading start time,time 
RelativeVelocity,EndTime,double,Reading end time,Reading end time,time 
RelativeVelocity,ReportTime,double,Reading report time,Reading report time,time 
RelativeVelocity,ErrorPct,double,Systemic Error,Systemic Error,%
RelativeVelocity,Sigma,double,Variance of the measurements,Variance of the measurements,
RelativeVelocity,MinVal,double,Minimum value,Minimum value,%
RelativeVelocity,MaxVal,double,Maximum value,Maximum value,%
RelativeVelocity,NumVal,int,Number of readings made,Number of readings made,
RelativeVelocity,Gradient,double,Linear gradient of measurements,Linear gradient of measurements,
RelativeVelocity,Checksum,int,Record checksum,Record checksum,
RelativeVelocity,Tag,string,Notes,Notes,
RelativeHeading,CaseId,int,Scenario Key, Scenario hash key,
RelativeHeading,Trarget,int,Target Vessel IMO,Target,
RelativeHeading,Value,double,Relative Heading,Relative Heading,degree
RelativeHeading,Unit,int,Unit of Measurement,Unit of Measurement,degree
RelativeHeading,StartTime,double,Reading start time,Reading start time,time 
RelativeHeading,EndTime,double,Reading end time,Reading end time,time 
RelativeHeading,ReportTime,double,Reading report time,Reading report time,time 
RelativeHeading,ErrorPct,double,Systemic Error,Systemic Error,%
RelativeHeading,Sigma,double,Variance of the measurements,Variance of the measurements,
RelativeHeading,MinVal,double,Minimum value,Minimum value,%
RelativeHeading,MaxVal,double,Maximum value,Maximum value,%
RelativeHeading,NumVal,int,Number of readings made,Number of readings made,
RelativeHeading,Gradient,double,Linear gradient of measurements,Linear gradient of measurements,
RelativeHeading,Checksum,int,Record checksum,Record checksum,
RelativeHeading,Tag,string,Notes,Notes,
RelativePhase,CaseId,int,Scenario Key, Scenario hash key,
RelativePhase,Trarget,int,Target Vessel IMO,Target,
RelativePhase,Value,double,Relative Heading,Relative Heading,degree
RelativePhase,Unit,int,Unit of Measurement,Unit of Measurement,degree
RelativePhase,StartTime,double,Reading start time,Reading start time,time 
RelativePhase,EndTime,double,Reading end time,Reading end time,time 
RelativePhase,ReportTime,double,Reading report time,Reading report time,time 
RelativePhase,ErrorPct,double,Systemic Error,Systemic Error,%
RelativePhase,Sigma,double,Variance of the measurements,Variance of the measurements,
RelativePhase,MinVal,double,Minimum value,Minimum value,%
RelativePhase,MaxVal,double,Maximum value,Maximum value,%
RelativePhase,NumVal,int,Number of readings made,Number of readings made,
RelativePhase,Gradient,double,Linear gradient of measurements,Linear gradient of measurements,
RelativePhase,Checksum,int,Record checksum,Record checksum,
RelativePhase,Tag,string,Notes,Notes,
Dcpa,CaseId,int,Scenario Key, Scenario hash key,
Dcpa,Trarget,int,Target Vessel IMO,Target,
Dcpa,Value,double,DCPA,Distance to CPA,m
Dcpa,Unit,int,Unit of Measurement,Unit of Measurement,meters
Dcpa,StartTime,double,Reading start time,Reading start time,time 
Dcpa,EndTime,double,Reading end time,Reading end time,time 
Dcpa,ReportTime,double,Reading report time,Reading report time,time 
Dcpa,ErrorPct,double,Systemic Error,Systemic Error,%
Dcpa,Sigma,double,Variance of the measurements,Variance of the measurements,
Dcpa,MinVal,double,Minimum value,Minimum value,%
Dcpa,MaxVal,double,Maximum value,Maximum value,%
Dcpa,NumVal,int,Number of readings made,Number of readings made,
Dcpa,Gradient,double,Linear gradient of measurements,Linear gradient of measurements,
Dcpa,Checksum,int,Record checksum,Record checksum,
Dcpa,Tag,string,Notes,Notes,
Tcpa,CaseId,int,Scenario Key, Scenario hash key,
Tcpa,Trarget,int,Target Vessel IMO,Target,
Tcpa,Value,double,TCPA,Time to CPA,seconds
Tcpa,Unit,int,Unit of Measurement,Unit of Measurement,seconds
Tcpa,StartTime,double,Reading start time,Reading start time,time 
Tcpa,EndTime,double,Reading end time,Reading end time,time 
Tcpa,ReportTime,double,Reading report time,Reading report time,time 
Tcpa,ErrorPct,double,Systemic Error,Systemic Error,%
Tcpa,Sigma,double,Variance of the measurements,Variance of the measurements,
Tcpa,MinVal,double,Minimum value,Minimum value,%
Tcpa,MaxVal,double,Maximum value,Maximum value,%
Tcpa,NumVal,int,Number of readings made,Number of readings made,
Tcpa,Gradient,double,Linear gradient of measurements,Linear gradient of measurements,
Tcpa,Checksum,int,Record checksum,Record checksum,
Tcpa,Tag,string,Notes,Notes,
Vcro,CaseId,int,Scenario Key, Scenario hash key,
Vcro,Trarget,int,Target Vessel IMO,Target,
Vcro,Value,double,Vcro,Vessel conflict ranking,
Vcro,Unit,int,Unit of Measurement,Unit of Measurement,
Vcro,StartTime,double,Reading start time,Reading start time,time 
Vcro,EndTime,double,Reading end time,Reading end time,time 
Vcro,ReportTime,double,Reading report time,Reading report time,time 
Vcro,ErrorPct,double,Systemic Error,Systemic Error,%
Vcro,Sigma,double,Variance of the measurements,Variance of the measurements,
Vcro,MinVal,double,Minimum value,Minimum value,%
Vcro,MaxVal,double,Maximum value,Maximum value,%
Vcro,NumVal,int,Number of readings made,Number of readings made,
Vcro,Gradient,double,Linear gradient of measurements,Linear gradient of measurements,
Vcro,Checksum,int,Record checksum,Record checksum,
Vcro,Tag,string,Notes,Notes,
Displacement,CaseId,int,Scenario Key, Scenario hash key,
Displacement,Value,double,Displacement,Displacement,m
Displacement,Unit,int,Unit of Measurement,Unit of Measurement,m
Displacement,StartTime,double,Reading start time,Reading start time,time 
Displacement,EndTime,double,Reading end time,Reading end time,time 
Displacement,ReportTime,double,Reading report time,Reading report time,time 
Displacement,ErrorPct,double,Systemic Error,Systemic Error,%
Displacement,Sigma,double,Variance of the measurements,Variance of the measurements,
Displacement,MinVal,double,Minimum value,Minimum value,%
Displacement,MaxVal,double,Maximum value,Maximum value,%
Displacement,NumVal,int,Number of readings made,Number of readings made,
Displacement,Gradient,double,Linear gradient of measurements,Linear gradient of measurements,
Displacement,Checksum,int,Record checksum,Record checksum,
Displacement,Tag,string,Notes,Notes,
Draft,CaseId,int,Scenario Key, Scenario hash key,
Draft,Value,double,Draft,Draft,m
Draft,Unit,int,Unit of Measurement,Unit of Measurement,m
Draft,StartTime,double,Reading start time,Reading start time,time 
Draft,EndTime,double,Reading end time,Reading end time,time 
Draft,ReportTime,double,Reading report time,Reading report time,time 
Draft,ErrorPct,double,Systemic Error,Systemic Error,%
Draft,Sigma,double,Variance of the measurements,Variance of the measurements,
Draft,MinVal,double,Minimum value,Minimum value,%
Draft,MaxVal,double,Maximum value,Maximum value,%
Draft,NumVal,int,Number of readings made,Number of readings made,
Draft,Gradient,double,Linear gradient of measurements,Linear gradient of measurements,
Draft,Checksum,int,Record checksum,Record checksum,
Draft,Tag,string,Notes,Notes,
SubmergedVolume,CaseId,int,Scenario Key, Scenario hash key,
SubmergedVolume,Value,double,Speed,Speed,m³
SubmergedVolume,Unit,int,Unit of Measurement,Unit of Measurement,m³
SubmergedVolume,StartTime,double,Reading start time,Reading start time,time 
SubmergedVolume,EndTime,double,Reading end time,Reading end time,time 
SubmergedVolume,ReportTime,double,Reading report time,Reading report time,time 
SubmergedVolume,ErrorPct,double,Systemic Error,Systemic Error,%
SubmergedVolume,Sigma,double,Variance of the measurements,Variance of the measurements,
SubmergedVolume,MinVal,double,Minimum value,Minimum value,%
SubmergedVolume,MaxVal,double,Maximum value,Maximum value,%
SubmergedVolume,NumVal,int,Number of readings made,Number of readings made,
SubmergedVolume,Gradient,double,Linear gradient of measurements,Linear gradient of measurements,
SubmergedVolume,Checksum,int,Record checksum,Record checksum,
SubmergedVolume,Tag,string,Notes,Notes,
Weight,CaseId,int,Scenario Key, Scenario hash key,
Weight,Value,double,Weight,Weight,kg
Weight,Unit,int,Unit of Measurement,Unit of Measurement,kg
Weight,StartTime,double,Reading start time,Reading start time,time 
Weight,EndTime,double,Reading end time,Reading end time,time 
Weight,ReportTime,double,Reading report time,Reading report time,time 
Weight,ErrorPct,double,Systemic Error,Systemic Error,%
Weight,Sigma,double,Variance of the measurements,Variance of the measurements,
Weight,MinVal,double,Minimum value,Minimum value,%
Weight,MaxVal,double,Maximum value,Maximum value,%
Weight,NumVal,int,Number of readings made,Number of readings made,
Weight,Gradient,double,Linear gradient of measurements,Linear gradient of measurements,
Weight,Checksum,int,Record checksum,Record checksum,
Weight,Tag,string,Notes,Notes,
Payload,CaseId,int,Scenario Key, Scenario hash key,
Payload,Value,double,Payload,Payload,kg
Payload,Unit,int,Unit of Measurement,Unit of Measurement,kg
Payload,StartTime,double,Reading start time,Reading start time,time 
Payload,EndTime,double,Reading end time,Reading end time,time 
Payload,ReportTime,double,Reading report time,Reading report time,time 
Payload,ErrorPct,double,Systemic Error,Systemic Error,%
Payload,Sigma,double,Variance of the measurements,Variance of the measurements,
Payload,MinVal,double,Minimum value,Minimum value,%
Payload,MaxVal,double,Maximum value,Maximum value,%
Payload,NumVal,int,Number of readings made,Number of readings made,
Payload,Gradient,double,Linear gradient of measurements,Linear gradient of measurements,
Payload,Checksum,int,Record checksum,Record checksum,
Payload,Tag,string,Notes,Notes,
Passengers,CaseId,int,Scenario Key, Scenario hash key,
Passengers,Value,int,Passengers,Passengers,no.
Passengers,Unit,int,Unit of Measurement,Unit of Measurement,no.
Passengers,StartTime,double,Reading start time,Reading start time,time 
Passengers,EndTime,double,Reading end time,Reading end time,time 
Passengers,ReportTime,double,Reading report time,Reading report time,time 
Passengers,ErrorPct,double,Systemic Error,Systemic Error,%
Passengers,Sigma,double,Variance of the measurements,Variance of the measurements,
Passengers,MinVal,double,Minimum value,Minimum value,%
Passengers,MaxVal,double,Maximum value,Maximum value,%
Passengers,NumVal,int,Number of readings made,Number of readings made,
Passengers,Gradient,double,Linear gradient of measurements,Linear gradient of measurements,
Passengers,Checksum,int,Record checksum,Record checksum,
Passengers,Tag,string,Notes,Notes,
Crew,CaseId,int,Scenario Key, Scenario hash key,
Crew,Value,int,Passengers,Passengers,no.
Crew,Unit,int,Unit of Measurement,Unit of Measurement,no.
Crew,StartTime,double,Reading start time,Reading start time,time 
Crew,EndTime,double,Reading end time,Reading end time,time 
Crew,ReportTime,double,Reading report time,Reading report time,time 
Crew,ErrorPct,double,Systemic Error,Systemic Error,%
Crew,Sigma,double,Variance of the measurements,Variance of the measurements,
Crew,MinVal,double,Minimum value,Minimum value,%
Crew,MaxVal,double,Maximum value,Maximum value,%
Crew,NumVal,int,Number of readings made,Number of readings made,
Crew,Gradient,double,Linear gradient of measurements,Linear gradient of measurements,
Crew,Checksum,int,Record checksum,Record checksum,
Crew,Tag,string,Notes,Notes,
ScoreHazardousTransport,CaseId,int,Scenario Key, Scenario hash key,
ScoreHazardousTransport,ReportTime,double,Report time, Time,
ScoreHazardousTransport,Penalty,float,Penalty Score,Penalty Score,
ScoreBerthingRisk,CaseId,int,Scenario Key, Scenario hash key,
ScoreBerthingRisk,ReportTime,double,Report time, Time,
ScoreBerthingRisk,Penalty,float,Penalty Score,Penalty Score,
Colreg_R01,CaseId,int,Scenario Key, Scenario hash key,
Colreg_R01,ReportTime,double,Report time, Time,
Colreg_R01,Clause,string,Clause ID,Clause identifier,
Colreg_R01,Penalty,float,Penalty Score,Penalty Score,
Colreg_R01,Situation,string,Situation,Situation description,
Colreg_R01,Info,string,Info,Additional information,
Colreg_R02,CaseId,int,Scenario Key, Scenario hash key,
Colreg_R02,ReportTime,double,Report time, Time,
Colreg_R02,Clause,string,Clause ID,Clause identifier,
Colreg_R02,Penalty,float,Penalty Score,Penalty Score,
Colreg_R02,Situation,string,Situation,Situation description,
Colreg_R02,Info,string,Info,Additional information,
Colreg_R03,CaseId,int,Scenario Key, Scenario hash key,
Colreg_R03,ReportTime,double,Report time, Time,
Colreg_R03,Clause,string,Clause ID,Clause identifier,
Colreg_R03,Penalty,float,Penalty Score,Penalty Score,
Colreg_R03,Situation,string,Situation,Situation description,
Colreg_R03,Info,string,Info,Additional information,
Colreg_R04,CaseId,int,Scenario Key, Scenario hash key,
Colreg_R04,ReportTime,double,Report time, Time,
Colreg_R04,Clause,string,Clause ID,Clause identifier,
Colreg_R04,Penalty,float,Penalty Score,Penalty Score,
Colreg_R04,Situation,string,Situation,Situation description,
Colreg_R04,Info,string,Info,Additional information,
Colreg_R05,CaseId,int,Scenario Key, Scenario hash key,
Colreg_R05,ReportTime,double,Report time, Time,
Colreg_R05,Clause,string,Clause ID,Clause identifier,
Colreg_R05,Penalty,float,Penalty Score,Penalty Score,
Colreg_R05,Situation,string,Situation,Situation description,
Colreg_R05,Info,string,Info,Additional information,
Colreg_R06,CaseId,int,Scenario Key, Scenario hash key,
Colreg_R06,ReportTime,double,Report time, Time,
Colreg_R06,Clause,string,Clause ID,Clause identifier,
Colreg_R06,Penalty,float,Penalty Score,Penalty Score,
Colreg_R06,Situation,string,Situation,Situation description,
Colreg_R06,Info,string,Info,Additional information,
Colreg_R07,CaseId,int,Scenario Key, Scenario hash key,
Colreg_R07,ReportTime,double,Report time, Time,
Colreg_R07,Clause,string,Clause ID,Clause identifier,
Colreg_R07,Penalty,float,Penalty Score,Penalty Score,
Colreg_R07,Situation,string,Situation,Situation description,
Colreg_R07,Info,string,Info,Additional information,
Colreg_R08,CaseId,int,Scenario Key, Scenario hash key,
Colreg_R08,ReportTime,double,Report time, Time,
Colreg_R08,Clause,string,Clause ID,Clause identifier,
Colreg_R08,Penalty,float,Penalty Score,Penalty Score,
Colreg_R08,Situation,string,Situation,Situation description,
Colreg_R08,Info,string,Info,Additional information,
Colreg_R09,CaseId,int,Scenario Key, Scenario hash key,
Colreg_R09,ReportTime,double,Report time, Time,
Colreg_R09,Clause,string,Clause ID,Clause identifier,
Colreg_R09,Penalty,float,Penalty Score,Penalty Score,
Colreg_R09,Situation,string,Situation,Situation description,
Colreg_R09,Info,string,Info,Additional information,
Colreg_R10,CaseId,int,Scenario Key, Scenario hash key,
Colreg_R10,ReportTime,double,Report time, Time,
Colreg_R10,Clause,string,Clause ID,Clause identifier,
Colreg_R10,Penalty,float,Penalty Score,Penalty Score,
Colreg_R10,Situation,string,Situation,Situation description,
Colreg_R10,Info,string,Info,Additional information,
Colreg_R11,CaseId,int,Scenario Key, Scenario hash key,
Colreg_R11,ReportTime,double,Report time, Time,
Colreg_R11,Clause,string,Clause ID,Clause identifier,
Colreg_R11,Penalty,float,Penalty Score,Penalty Score,
Colreg_R11,Situation,string,Situation,Situation description,
Colreg_R11,Info,string,Info,Additional information,
Colreg_R12,CaseId,int,Scenario Key, Scenario hash key,
Colreg_R12,ReportTime,double,Report time, Time,
Colreg_R12,Clause,string,Clause ID,Clause identifier,
Colreg_R12,Penalty,float,Penalty Score,Penalty Score,
Colreg_R12,Situation,string,Situation,Situation description,
Colreg_R12,Info,string,Info,Additional information,
Colreg_R13,CaseId,int,Scenario Key, Scenario hash key,
Colreg_R13,ReportTime,double,Report time, Time,
Colreg_R13,Clause,string,Clause ID,Clause identifier,
Colreg_R13,Penalty,float,Penalty Score,Penalty Score,
Colreg_R13,Situation,string,Situation,Situation description,
Colreg_R13,Info,string,Info,Additional information,
Colreg_R14,CaseId,int,Scenario Key, Scenario hash key,
Colreg_R14,ReportTime,double,Report time, Time,
Colreg_R14,Clause,string,Clause ID,Clause identifier,
Colreg_R14,Penalty,float,Penalty Score,Penalty Score,
Colreg_R14,Situation,string,Situation,Situation description,
Colreg_R14,Info,string,Info,Additional information,
Colreg_R15,CaseId,int,Scenario Key, Scenario hash key,
Colreg_R15,ReportTime,double,Report time, Time,
Colreg_R15,Clause,string,Clause ID,Clause identifier,
Colreg_R15,Penalty,float,Penalty Score,Penalty Score,
Colreg_R15,Situation,string,Situation,Situation description,
Colreg_R15,Info,string,Info,Additional information,
Colreg_R16,CaseId,int,Scenario Key, Scenario hash key,
Colreg_R16,ReportTime,double,Report time, Time,
Colreg_R16,Clause,string,Clause ID,Clause identifier,
Colreg_R16,Penalty,float,Penalty Score,Penalty Score,
Colreg_R16,Situation,string,Situation,Situation description,
Colreg_R16,Info,string,Info,Additional information,
Colreg_R17,CaseId,int,Scenario Key, Scenario hash key,
Colreg_R17,ReportTime,double,Report time, Time,
Colreg_R17,Clause,string,Clause ID,Clause identifier,
Colreg_R17,Penalty,float,Penalty Score,Penalty Score,
Colreg_R17,Situation,string,Situation,Situation description,
Colreg_R17,Info,string,Info,Additional information,
Colreg_R18,CaseId,int,Scenario Key, Scenario hash key,
Colreg_R18,ReportTime,double,Report time, Time,
Colreg_R18,Clause,string,Clause ID,Clause identifier,
Colreg_R18,Penalty,float,Penalty Score,Penalty Score,
Colreg_R18,Situation,string,Situation,Situation description,
Colreg_R18,Info,string,Info,Additional information,
Colreg_R19,CaseId,int,Scenario Key, Scenario hash key,
Colreg_R19,ReportTime,double,Report time, Time,
Colreg_R19,Clause,string,Clause ID,Clause identifier,
Colreg_R19,Penalty,float,Penalty Score,Penalty Score,
Colreg_R19,Situation,string,Situation,Situation description,
Colreg_R19,Info,string,Info,Additional information,
Colreg_R20,CaseId,int,Scenario Key, Scenario hash key,
Colreg_R20,ReportTime,double,Report time, Time,
Colreg_R20,Clause,string,Clause ID,Clause identifier,
Colreg_R20,Penalty,float,Penalty Score,Penalty Score,
Colreg_R20,Situation,string,Situation,Situation description,
Colreg_R20,Info,string,Info,Additional information,
Colreg_R21,CaseId,int,Scenario Key, Scenario hash key,
Colreg_R21,ReportTime,double,Report time, Time,
Colreg_R21,Clause,string,Clause ID,Clause identifier,
Colreg_R21,Penalty,float,Penalty Score,Penalty Score,
Colreg_R21,Situation,string,Situation,Situation description,
Colreg_R21,Info,string,Info,Additional information,
Colreg_R22,CaseId,int,Scenario Key, Scenario hash key,
Colreg_R22,ReportTime,double,Report time, Time,
Colreg_R22,Clause,string,Clause ID,Clause identifier,
Colreg_R22,Penalty,float,Penalty Score,Penalty Score,
Colreg_R22,Situation,string,Situation,Situation description,
Colreg_R22,Info,string,Info,Additional information,
Colreg_R23,CaseId,int,Scenario Key, Scenario hash key,
Colreg_R23,ReportTime,double,Report time, Time,
Colreg_R23,Clause,string,Clause ID,Clause identifier,
Colreg_R23,Penalty,float,Penalty Score,Penalty Score,
Colreg_R23,Situation,string,Situation,Situation description,
Colreg_R23,Info,string,Info,Additional information,
Colreg_R24,CaseId,int,Scenario Key, Scenario hash key,
Colreg_R24,ReportTime,double,Report time, Time,
Colreg_R24,Clause,string,Clause ID,Clause identifier,
Colreg_R24,Penalty,float,Penalty Score,Penalty Score,
Colreg_R24,Situation,string,Situation,Situation description,
Colreg_R24,Info,string,Info,Additional information,
Colreg_R25,CaseId,int,Scenario Key, Scenario hash key,
Colreg_R25,ReportTime,double,Report time, Time,
Colreg_R25,Clause,string,Clause ID,Clause identifier,
Colreg_R25,Penalty,float,Penalty Score,Penalty Score,
Colreg_R25,Situation,string,Situation,Situation description,
Colreg_R25,Info,string,Info,Additional information,
Colreg_R26,CaseId,int,Scenario Key, Scenario hash key,
Colreg_R26,ReportTime,double,Report time, Time,
Colreg_R26,Clause,string,Clause ID,Clause identifier,
Colreg_R26,Penalty,float,Penalty Score,Penalty Score,
Colreg_R26,Situation,string,Situation,Situation description,
Colreg_R26,Info,string,Info,Additional information,
Colreg_R27,CaseId,int,Scenario Key, Scenario hash key,
Colreg_R27,ReportTime,double,Report time, Time,
Colreg_R27,Clause,string,Clause ID,Clause identifier,
Colreg_R27,Penalty,float,Penalty Score,Penalty Score,
Colreg_R27,Situation,string,Situation,Situation description,
Colreg_R27,Info,string,Info,Additional information,
Colreg_R28,CaseId,int,Scenario Key, Scenario hash key,
Colreg_R28,ReportTime,double,Report time, Time,
Colreg_R28,Clause,string,Clause ID,Clause identifier,
Colreg_R28,Penalty,float,Penalty Score,Penalty Score,
Colreg_R28,Situation,string,Situation,Situation description,
Colreg_R28,Info,string,Info,Additional information,
Colreg_R29,CaseId,int,Scenario Key, Scenario hash key,
Colreg_R29,ReportTime,double,Report time, Time,
Colreg_R29,Clause,string,Clause ID,Clause identifier,
Colreg_R29,Penalty,float,Penalty Score,Penalty Score,
Colreg_R29,Situation,string,Situation,Situation description,
Colreg_R29,Info,string,Info,Additional information,
Colreg_R30,CaseId,int,Scenario Key, Scenario hash key,
Colreg_R30,ReportTime,double,Report time, Time,
Colreg_R30,Clause,string,Clause ID,Clause identifier,
Colreg_R30,Penalty,float,Penalty Score,Penalty Score,
Colreg_R30,Situation,string,Situation,Situation description,
Colreg_R30,Info,string,Info,Additional information,
Colreg_R31,CaseId,int,Scenario Key, Scenario hash key,
Colreg_R31,ReportTime,double,Report time, Time,
Colreg_R31,Clause,string,Clause ID,Clause identifier,
Colreg_R31,Penalty,float,Penalty Score,Penalty Score,
Colreg_R31,Situation,string,Situation,Situation description,
Colreg_R31,Info,string,Info,Additional information,
Colreg_R32,CaseId,int,Scenario Key, Scenario hash key,
Colreg_R32,ReportTime,double,Report time, Time,
Colreg_R32,Clause,string,Clause ID,Clause identifier,
Colreg_R32,Penalty,float,Penalty Score,Penalty Score,
Colreg_R32,Situation,string,Situation,Situation description,
Colreg_R32,Info,string,Info,Additional information,
Colreg_R33,CaseId,int,Scenario Key, Scenario hash key,
Colreg_R33,ReportTime,double,Report time, Time,
Colreg_R33,Clause,string,Clause ID,Clause identifier,
Colreg_R33,Penalty,float,Penalty Score,Penalty Score,
Colreg_R33,Situation,string,Situation,Situation description,
Colreg_R33,Info,string,Info,Additional information,
Colreg_R34,CaseId,int,Scenario Key, Scenario hash key,
Colreg_R34,ReportTime,double,Report time, Time,
Colreg_R34,Clause,string,Clause ID,Clause identifier,
Colreg_R34,Penalty,float,Penalty Score,Penalty Score,
Colreg_R34,Situation,string,Situation,Situation description,
Colreg_R34,Info,string,Info,Additional information,
Colreg_R35,CaseId,int,Scenario Key, Scenario hash key,
Colreg_R35,ReportTime,double,Report time, Time,
Colreg_R35,Clause,string,Clause ID,Clause identifier,
Colreg_R35,Penalty,float,Penalty Score,Penalty Score,
Colreg_R35,Situation,string,Situation,Situation description,
Colreg_R35,Info,string,Info,Additional information,
Colreg_R36,CaseId,int,Scenario Key, Scenario hash key,
Colreg_R36,ReportTime,double,Report time, Time,
Colreg_R36,Clause,string,Clause ID,Clause identifier,
Colreg_R36,Penalty,float,Penalty Score,Penalty Score,
Colreg_R36,Situation,string,Situation,Situation description,
Colreg_R36,Info,string,Info,Additional information,
Colreg_R37,CaseId,int,Scenario Key, Scenario hash key,
Colreg_R37,ReportTime,double,Report time, Time,
Colreg_R37,Clause,string,Clause ID,Clause identifier,
Colreg_R37,Penalty,float,Penalty Score,Penalty Score,
Colreg_R37,Situation,string,Situation,Situation description,
Colreg_R37,Info,string,Info,Additional information,
Colreg_R38,CaseId,int,Scenario Key, Scenario hash key,
Colreg_R38,ReportTime,double,Report time, Time,
Colreg_R38,Clause,string,Clause ID,Clause identifier,
Colreg_R38,Penalty,float,Penalty Score,Penalty Score,
Colreg_R38,Situation,string,Situation,Situation description,
Colreg_R38,Info,string,Info,Additional information,
Colreg_R39,CaseId,int,Scenario Key, Scenario hash key,
Colreg_R39,ReportTime,double,Report time, Time,
Colreg_R39,Clause,string,Clause ID,Clause identifier,
Colreg_R39,Penalty,float,Penalty Score,Penalty Score,
Colreg_R39,Situation,string,Situation,Situation description,
Colreg_R39,Info,string,Info,Additional information,
Colreg_R40,CaseId,int,Scenario Key, Scenario hash key,
Colreg_R40,ReportTime,double,Report time, Time,
Colreg_R40,Clause,string,Clause ID,Clause identifier,
Colreg_R40,Penalty,float,Penalty Score,Penalty Score,
Colreg_R40,Situation,string,Situation,Situation description,
Colreg_R40,Info,string,Info,Additional information,
Colreg_R41,CaseId,int,Scenario Key, Scenario hash key,
Colreg_R41,ReportTime,double,Report time, Time,
Colreg_R41,Clause,string,Clause ID,Clause identifier,
Colreg_R41,Penalty,float,Penalty Score,Penalty Score,
Colreg_R41,Situation,string,Situation,Situation description,
Colreg_R41,Info,string,Info,Additional information,
Solas_C01,CaseId,int,Scenario Key, Scenario hash key,
Solas_C01,ReportTime,double,Report time, Time,
Solas_C01,Clause,string,Clause ID,Clause identifier,
Solas_C01,Penalty,float,Penalty Score,Penalty Score,
Solas_C01,Situation,string,Situation,Situation description,
Solas_C01,Info,string,Info,Additional information,
Solas_C02,CaseId,int,Scenario Key, Scenario hash key,
Solas_C02,ReportTime,double,Report time, Time,
Solas_C02,Clause,string,Clause ID,Clause identifier,
Solas_C02,Penalty,float,Penalty Score,Penalty Score,
Solas_C02,Situation,string,Situation,Situation description,
Solas_C02,Info,string,Info,Additional information,
Solas_C03,CaseId,int,Scenario Key, Scenario hash key,
Solas_C03,ReportTime,double,Report time, Time,
Solas_C03,Clause,string,Clause ID,Clause identifier,
Solas_C03,Penalty,float,Penalty Score,Penalty Score,
Solas_C03,Situation,string,Situation,Situation description,
Solas_C03,Info,string,Info,Additional information,
Solas_C04,CaseId,int,Scenario Key, Scenario hash key,
Solas_C04,ReportTime,double,Report time, Time,
Solas_C04,Clause,string,Clause ID,Clause identifier,
Solas_C04,Penalty,float,Penalty Score,Penalty Score,
Solas_C04,Situation,string,Situation,Situation description,
Solas_C04,Info,string,Info,Additional information,
Solas_C05,CaseId,int,Scenario Key, Scenario hash key,
Solas_C05,ReportTime,double,Report time, Time,
Solas_C05,Clause,string,Clause ID,Clause identifier,
Solas_C05,Penalty,float,Penalty Score,Penalty Score,
Solas_C05,Situation,string,Situation,Situation description,
Solas_C05,Info,string,Info,Additional information,
Solas_C06,CaseId,int,Scenario Key, Scenario hash key,
Solas_C06,ReportTime,double,Report time, Time,
Solas_C06,Clause,string,Clause ID,Clause identifier,
Solas_C06,Penalty,float,Penalty Score,Penalty Score,
Solas_C06,Situation,string,Situation,Situation description,
Solas_C06,Info,string,Info,Additional information,
Solas_C07,CaseId,int,Scenario Key, Scenario hash key,
Solas_C07,ReportTime,double,Report time, Time,
Solas_C07,Clause,string,Clause ID,Clause identifier,
Solas_C07,Penalty,float,Penalty Score,Penalty Score,
Solas_C07,Situation,string,Situation,Situation description,
Solas_C07,Info,string,Info,Additional information,
Solas_C08,CaseId,int,Scenario Key, Scenario hash key,
Solas_C08,ReportTime,double,Report time, Time,
Solas_C08,Clause,string,Clause ID,Clause identifier,
Solas_C08,Penalty,float,Penalty Score,Penalty Score,
Solas_C08,Situation,string,Situation,Situation description,
Solas_C08,Info,string,Info,Additional information,
Solas_C09,CaseId,int,Scenario Key, Scenario hash key,
Solas_C09,ReportTime,double,Report time, Time,
Solas_C09,Clause,string,Clause ID,Clause identifier,
Solas_C09,Penalty,float,Penalty Score,Penalty Score,
Solas_C09,Situation,string,Situation,Situation description,
Solas_C09,Info,string,Info,Additional information,
Solas_C10,CaseId,int,Scenario Key, Scenario hash key,
Solas_C10,ReportTime,double,Report time, Time,
Solas_C10,Clause,string,Clause ID,Clause identifier,
Solas_C10,Penalty,float,Penalty Score,Penalty Score,
Solas_C10,Situation,string,Situation,Situation description,
Solas_C10,Info,string,Info,Additional information,
Solas_C11,CaseId,int,Scenario Key, Scenario hash key,
Solas_C11,ReportTime,double,Report time, Time,
Solas_C11,Clause,string,Clause ID,Clause identifier,
Solas_C11,Penalty,float,Penalty Score,Penalty Score,
Solas_C11,Situation,string,Situation,Situation description,
Solas_C11,Info,string,Info,Additional information,
Solas_C12,CaseId,int,Scenario Key, Scenario hash key,
Solas_C12,ReportTime,double,Report time, Time,
Solas_C12,Clause,string,Clause ID,Clause identifier,
Solas_C12,Penalty,float,Penalty Score,Penalty Score,
Solas_C12,Situation,string,Situation,Situation description,
Solas_C12,Info,string,Info,Additional information,
Solas_C13,CaseId,int,Scenario Key, Scenario hash key,
Solas_C13,ReportTime,double,Report time, Time,
Solas_C13,Clause,string,Clause ID,Clause identifier,
Solas_C13,Penalty,float,Penalty Score,Penalty Score,
Solas_C13,Situation,string,Situation,Situation description,
Solas_C13,Info,string,Info,Additional information,
Solas_C14,CaseId,int,Scenario Key, Scenario hash key,
Solas_C14,ReportTime,double,Report time, Time,
Solas_C14,Clause,string,Clause ID,Clause identifier,
Solas_C14,Penalty,float,Penalty Score,Penalty Score,
Solas_C14,Situation,string,Situation,Situation description,
Solas_C14,Info,string,Info,Additional information,
Solas_C15,CaseId,int,Scenario Key, Scenario hash key,
Solas_C15,ReportTime,double,Report time, Time,
Solas_C15,Clause,string,Clause ID,Clause identifier,
Solas_C15,Penalty,float,Penalty Score,Penalty Score,
Solas_C15,Situation,string,Situation,Situation description,
Solas_C15,Info,string,Info,Additional information,
Crs_Highsea_Misc,CaseId,int,Scenario Key, Scenario hash key,
Crs_Highsea_Misc,ReportTime,double,Report time, Time,
Crs_Highsea_Misc,Type,int,Crs Code,Crs identification code,
Crs_Highsea_Misc,Penalty,float,Penalty Score,Penalty Score,
Crs_Highsea_Misc,Situation,string,Situation,Situation description,
Crs_Highsea_Misc,Info,string,Info,Additional information,
Crs_Highsea_Plan,CaseId,int,Scenario Key, Scenario hash key,
Crs_Highsea_Plan,ReportTime,double,Report time, Time,
Crs_Highsea_Plan,Type,int,Crs Code,Crs identification code,
Crs_Highsea_Plan,Penalty,float,Penalty Score,Penalty Score,
Crs_Highsea_Plan,Situation,string,Situation,Situation description,
Crs_Highsea_Plan,Info,string,Info,Additional information,
Crs_Highsea_Comfort,CaseId,int,Scenario Key, Scenario hash key,
Crs_Highsea_Comfort,ReportTime,double,Report time, Time,
Crs_Highsea_Comfort,Type,int,Crs Code,Crs identification code,
Crs_Highsea_Comfort,Penalty,float,Penalty Score,Penalty Score,
Crs_Highsea_Comfort,Situation,string,Situation,Situation description,
Crs_Highsea_Comfort,Info,string,Info,Additional information,
Crs_Highsea_Grounding,CaseId,int,Scenario Key, Scenario hash key,
Crs_Highsea_Grounding,ReportTime,double,Report time, Time,
Crs_Highsea_Grounding,Type,int,Crs Code,Crs identification code,
Crs_Highsea_Grounding,Penalty,float,Penalty Score,Penalty Score,
Crs_Highsea_Grounding,Situation,string,Situation,Situation description,
Crs_Highsea_Grounding,Info,string,Info,Additional information,
Crs_Highsea_DayTime,CaseId,int,Scenario Key, Scenario hash key,
Crs_Highsea_DayTime,ReportTime,double,Report time, Time,
Crs_Highsea_DayTime,Type,int,Crs Code,Crs identification code,
Crs_Highsea_DayTime,Penalty,float,Penalty Score,Penalty Score,
Crs_Highsea_DayTime,Situation,string,Situation,Situation description,
Crs_Highsea_DayTime,Info,string,Info,Additional information,
Crs_Highsea_NightTime,CaseId,int,Scenario Key, Scenario hash key,
Crs_Highsea_NightTime,ReportTime,double,Report time, Time,
Crs_Highsea_NightTime,Type,int,Crs Code,Crs identification code,
Crs_Highsea_NightTime,Penalty,float,Penalty Score,Penalty Score,
Crs_Highsea_NightTime,Situation,string,Situation,Situation description,
Crs_Highsea_NightTime,Info,string,Info,Additional information,
Crs_Highsea_Headon,CaseId,int,Scenario Key, Scenario hash key,
Crs_Highsea_Headon,ReportTime,double,Report time, Time,
Crs_Highsea_Headon,Type,int,Crs Code,Crs identification code,
Crs_Highsea_Headon,Penalty,float,Penalty Score,Penalty Score,
Crs_Highsea_Headon,Situation,string,Situation,Situation description,
Crs_Highsea_Headon,Info,string,Info,Additional information,
Crs_Highsea_Berthing,CaseId,int,Scenario Key, Scenario hash key,
Crs_Highsea_Berthing,ReportTime,double,Report time, Time,
Crs_Highsea_Berthing,Type,int,Crs Code,Crs identification code,
Crs_Highsea_Berthing,Penalty,float,Penalty Score,Penalty Score,
Crs_Highsea_Berthing,Situation,string,Situation,Situation description,
Crs_Highsea_Berthing,Info,string,Info,Additional information,
Crs_Highsea_Overtaking,CaseId,int,Scenario Key, Scenario hash key,
Crs_Highsea_Overtaking,ReportTime,double,Report time, Time,
Crs_Highsea_Overtaking,Type,int,Crs Code,Crs identification code,
Crs_Highsea_Overtaking,Penalty,float,Penalty Score,Penalty Score,
Crs_Highsea_Overtaking,Situation,string,Situation,Situation description,
Crs_Highsea_Overtaking,Info,string,Info,Additional information,
Crs_Highsea_GiveWay,CaseId,int,Scenario Key, Scenario hash key,
Crs_Highsea_GiveWay,ReportTime,double,Report time, Time,
Crs_Highsea_GiveWay,Type,int,Crs Code,Crs identification code,
Crs_Highsea_GiveWay,Penalty,float,Penalty Score,Penalty Score,
Crs_Highsea_GiveWay,Situation,string,Situation,Situation description,
Crs_Highsea_GiveWay,Info,string,Info,Additional information,
Crs_Highsea_Speed,CaseId,int,Scenario Key, Scenario hash key,
Crs_Highsea_Speed,ReportTime,double,Report time, Time,
Crs_Highsea_Speed,Type,int,Crs Code,Crs identification code,
Crs_Highsea_Speed,Penalty,float,Penalty Score,Penalty Score,
Crs_Highsea_Speed,Situation,string,Situation,Situation description,
Crs_Highsea_Speed,Info,string,Info,Additional information,
Crs_Highsea_Signal,CaseId,int,Scenario Key, Scenario hash key,
Crs_Highsea_Signal,ReportTime,double,Report time, Time,
Crs_Highsea_Signal,Type,int,Crs Code,Crs identification code,
Crs_Highsea_Signal,Penalty,float,Penalty Score,Penalty Score,
Crs_Highsea_Signal,Situation,string,Situation,Situation description,
Crs_Highsea_Signal,Info,string,Info,Additional information,
Crs_Highsea_Discipline,CaseId,int,Scenario Key, Scenario hash key,
Crs_Highsea_Discipline,ReportTime,double,Report time, Time,
Crs_Highsea_Discipline,Type,int,Crs Code,Crs identification code,
Crs_Highsea_Discipline,Penalty,float,Penalty Score,Penalty Score,
Crs_Highsea_Discipline,Situation,string,Situation,Situation description,
Crs_Highsea_Discipline,Info,string,Info,Additional information,
Crs_Highsea_Collision,CaseId,int,Scenario Key, Scenario hash key,
Crs_Highsea_Collision,ReportTime,double,Report time, Time,
Crs_Highsea_Collision,Type,int,Crs Code,Crs identification code,
Crs_Highsea_Collision,Penalty,float,Penalty Score,Penalty Score,
Crs_Highsea_Collision,Situation,string,Situation,Situation description,
Crs_Highsea_Collision,Info,string,Info,Additional information,
Crs_Coastal_Misc,CaseId,int,Scenario Key, Scenario hash key,
Crs_Coastal_Misc,ReportTime,double,Report time, Time,
Crs_Coastal_Misc,Type,int,Crs Code,Crs identification code,
Crs_Coastal_Misc,Penalty,float,Penalty Score,Penalty Score,
Crs_Coastal_Misc,Situation,string,Situation,Situation description,
Crs_Coastal_Misc,Info,string,Info,Additional information,
Crs_Coastal_Plan,CaseId,int,Scenario Key, Scenario hash key,
Crs_Coastal_Plan,ReportTime,double,Report time, Time,
Crs_Coastal_Plan,Type,int,Crs Code,Crs identification code,
Crs_Coastal_Plan,Penalty,float,Penalty Score,Penalty Score,
Crs_Coastal_Plan,Situation,string,Situation,Situation description,
Crs_Coastal_Plan,Info,string,Info,Additional information,
Crs_Coastal_Comfort,CaseId,int,Scenario Key, Scenario hash key,
Crs_Coastal_Comfort,ReportTime,double,Report time, Time,
Crs_Coastal_Comfort,Type,int,Crs Code,Crs identification code,
Crs_Coastal_Comfort,Penalty,float,Penalty Score,Penalty Score,
Crs_Coastal_Comfort,Situation,string,Situation,Situation description,
Crs_Coastal_Comfort,Info,string,Info,Additional information,
Crs_Coastal_Grounding,CaseId,int,Scenario Key, Scenario hash key,
Crs_Coastal_Grounding,ReportTime,double,Report time, Time,
Crs_Coastal_Grounding,Type,int,Crs Code,Crs identification code,
Crs_Coastal_Grounding,Penalty,float,Penalty Score,Penalty Score,
Crs_Coastal_Grounding,Situation,string,Situation,Situation description,
Crs_Coastal_Grounding,Info,string,Info,Additional information,
Crs_Coastal_DayTime,CaseId,int,Scenario Key, Scenario hash key,
Crs_Coastal_DayTime,ReportTime,double,Report time, Time,
Crs_Coastal_DayTime,Type,int,Crs Code,Crs identification code,
Crs_Coastal_DayTime,Penalty,float,Penalty Score,Penalty Score,
Crs_Coastal_DayTime,Situation,string,Situation,Situation description,
Crs_Coastal_DayTime,Info,string,Info,Additional information,
Crs_Coastal_NightTime,CaseId,int,Scenario Key, Scenario hash key,
Crs_Coastal_NightTime,ReportTime,double,Report time, Time,
Crs_Coastal_NightTime,Type,int,Crs Code,Crs identification code,
Crs_Coastal_NightTime,Penalty,float,Penalty Score,Penalty Score,
Crs_Coastal_NightTime,Situation,string,Situation,Situation description,
Crs_Coastal_NightTime,Info,string,Info,Additional information,
Crs_Coastal_Headon,CaseId,int,Scenario Key, Scenario hash key,
Crs_Coastal_Headon,ReportTime,double,Report time, Time,
Crs_Coastal_Headon,Type,int,Crs Code,Crs identification code,
Crs_Coastal_Headon,Penalty,float,Penalty Score,Penalty Score,
Crs_Coastal_Headon,Situation,string,Situation,Situation description,
Crs_Coastal_Headon,Info,string,Info,Additional information,
Crs_Coastal_Berthing,CaseId,int,Scenario Key, Scenario hash key,
Crs_Coastal_Berthing,ReportTime,double,Report time, Time,
Crs_Coastal_Berthing,Type,int,Crs Code,Crs identification code,
Crs_Coastal_Berthing,Penalty,float,Penalty Score,Penalty Score,
Crs_Coastal_Berthing,Situation,string,Situation,Situation description,
Crs_Coastal_Berthing,Info,string,Info,Additional information,
Crs_Coastal_Overtaking,CaseId,int,Scenario Key, Scenario hash key,
Crs_Coastal_Overtaking,ReportTime,double,Report time, Time,
Crs_Coastal_Overtaking,Type,int,Crs Code,Crs identification code,
Crs_Coastal_Overtaking,Penalty,float,Penalty Score,Penalty Score,
Crs_Coastal_Overtaking,Situation,string,Situation,Situation description,
Crs_Coastal_Overtaking,Info,string,Info,Additional information,
Crs_Coastal_GiveWay,CaseId,int,Scenario Key, Scenario hash key,
Crs_Coastal_GiveWay,ReportTime,double,Report time, Time,
Crs_Coastal_GiveWay,Type,int,Crs Code,Crs identification code,
Crs_Coastal_GiveWay,Penalty,float,Penalty Score,Penalty Score,
Crs_Coastal_GiveWay,Situation,string,Situation,Situation description,
Crs_Coastal_GiveWay,Info,string,Info,Additional information,
Crs_Coastal_Speed,CaseId,int,Scenario Key, Scenario hash key,
Crs_Coastal_Speed,ReportTime,double,Report time, Time,
Crs_Coastal_Speed,Type,int,Crs Code,Crs identification code,
Crs_Coastal_Speed,Penalty,float,Penalty Score,Penalty Score,
Crs_Coastal_Speed,Situation,string,Situation,Situation description,
Crs_Coastal_Speed,Info,string,Info,Additional information,
Crs_Coastal_Signal,CaseId,int,Scenario Key, Scenario hash key,
Crs_Coastal_Signal,ReportTime,double,Report time, Time,
Crs_Coastal_Signal,Type,int,Crs Code,Crs identification code,
Crs_Coastal_Signal,Penalty,float,Penalty Score,Penalty Score,
Crs_Coastal_Signal,Situation,string,Situation,Situation description,
Crs_Coastal_Signal,Info,string,Info,Additional information,
Crs_Coastal_Discipline,CaseId,int,Scenario Key, Scenario hash key,
Crs_Coastal_Discipline,ReportTime,double,Report time, Time,
Crs_Coastal_Discipline,Type,int,Crs Code,Crs identification code,
Crs_Coastal_Discipline,Penalty,float,Penalty Score,Penalty Score,
Crs_Coastal_Discipline,Situation,string,Situation,Situation description,
Crs_Coastal_Discipline,Info,string,Info,Additional information,
Crs_Coastal_Collision,CaseId,int,Scenario Key, Scenario hash key,
Crs_Coastal_Collision,ReportTime,double,Report time, Time,
Crs_Coastal_Collision,Type,int,Crs Code,Crs identification code,
Crs_Coastal_Collision,Penalty,float,Penalty Score,Penalty Score,
Crs_Coastal_Collision,Situation,string,Situation,Situation description,
Crs_Coastal_Collision,Info,string,Info,Additional information,
Crs_Domestic_Misc,CaseId,int,Scenario Key, Scenario hash key,
Crs_Domestic_Misc,ReportTime,double,Report time, Time,
Crs_Domestic_Misc,Type,int,Crs Code,Crs identification code,
Crs_Domestic_Misc,Penalty,float,Penalty Score,Penalty Score,
Crs_Domestic_Misc,Situation,string,Situation,Situation description,
Crs_Domestic_Misc,Info,string,Info,Additional information,
Crs_Domestic_Plan,CaseId,int,Scenario Key, Scenario hash key,
Crs_Domestic_Plan,ReportTime,double,Report time, Time,
Crs_Domestic_Plan,Type,int,Crs Code,Crs identification code,
Crs_Domestic_Plan,Penalty,float,Penalty Score,Penalty Score,
Crs_Domestic_Plan,Situation,string,Situation,Situation description,
Crs_Domestic_Plan,Info,string,Info,Additional information,
Crs_Domestic_Comfort,CaseId,int,Scenario Key, Scenario hash key,
Crs_Domestic_Comfort,ReportTime,double,Report time, Time,
Crs_Domestic_Comfort,Type,int,Crs Code,Crs identification code,
Crs_Domestic_Comfort,Penalty,float,Penalty Score,Penalty Score,
Crs_Domestic_Comfort,Situation,string,Situation,Situation description,
Crs_Domestic_Comfort,Info,string,Info,Additional information,
Crs_Domestic_Grounding,CaseId,int,Scenario Key, Scenario hash key,
Crs_Domestic_Grounding,ReportTime,double,Report time, Time,
Crs_Domestic_Grounding,Type,int,Crs Code,Crs identification code,
Crs_Domestic_Grounding,Penalty,float,Penalty Score,Penalty Score,
Crs_Domestic_Grounding,Situation,string,Situation,Situation description,
Crs_Domestic_Grounding,Info,string,Info,Additional information,
Crs_Domestic_DayTime,CaseId,int,Scenario Key, Scenario hash key,
Crs_Domestic_DayTime,ReportTime,double,Report time, Time,
Crs_Domestic_DayTime,Type,int,Crs Code,Crs identification code,
Crs_Domestic_DayTime,Penalty,float,Penalty Score,Penalty Score,
Crs_Domestic_DayTime,Situation,string,Situation,Situation description,
Crs_Domestic_DayTime,Info,string,Info,Additional information,
Crs_Domestic_NightTime,CaseId,int,Scenario Key, Scenario hash key,
Crs_Domestic_NightTime,ReportTime,double,Report time, Time,
Crs_Domestic_NightTime,Type,int,Crs Code,Crs identification code,
Crs_Domestic_NightTime,Penalty,float,Penalty Score,Penalty Score,
Crs_Domestic_NightTime,Situation,string,Situation,Situation description,
Crs_Domestic_NightTime,Info,string,Info,Additional information,
Crs_Domestic_Headon,CaseId,int,Scenario Key, Scenario hash key,
Crs_Domestic_Headon,ReportTime,double,Report time, Time,
Crs_Domestic_Headon,Type,int,Crs Code,Crs identification code,
Crs_Domestic_Headon,Penalty,float,Penalty Score,Penalty Score,
Crs_Domestic_Headon,Situation,string,Situation,Situation description,
Crs_Domestic_Headon,Info,string,Info,Additional information,
Crs_Domestic_Berthing,CaseId,int,Scenario Key, Scenario hash key,
Crs_Domestic_Berthing,ReportTime,double,Report time, Time,
Crs_Domestic_Berthing,Type,int,Crs Code,Crs identification code,
Crs_Domestic_Berthing,Penalty,float,Penalty Score,Penalty Score,
Crs_Domestic_Berthing,Situation,string,Situation,Situation description,
Crs_Domestic_Berthing,Info,string,Info,Additional information,
Crs_Domestic_Overtaking,CaseId,int,Scenario Key, Scenario hash key,
Crs_Domestic_Overtaking,ReportTime,double,Report time, Time,
Crs_Domestic_Overtaking,Type,int,Crs Code,Crs identification code,
Crs_Domestic_Overtaking,Penalty,float,Penalty Score,Penalty Score,
Crs_Domestic_Overtaking,Situation,string,Situation,Situation description,
Crs_Domestic_Overtaking,Info,string,Info,Additional information,
Crs_Domestic_GiveWay,CaseId,int,Scenario Key, Scenario hash key,
Crs_Domestic_GiveWay,ReportTime,double,Report time, Time,
Crs_Domestic_GiveWay,Type,int,Crs Code,Crs identification code,
Crs_Domestic_GiveWay,Penalty,float,Penalty Score,Penalty Score,
Crs_Domestic_GiveWay,Situation,string,Situation,Situation description,
Crs_Domestic_GiveWay,Info,string,Info,Additional information,
Crs_Domestic_Speed,CaseId,int,Scenario Key, Scenario hash key,
Crs_Domestic_Speed,ReportTime,double,Report time, Time,
Crs_Domestic_Speed,Type,int,Crs Code,Crs identification code,
Crs_Domestic_Speed,Penalty,float,Penalty Score,Penalty Score,
Crs_Domestic_Speed,Situation,string,Situation,Situation description,
Crs_Domestic_Speed,Info,string,Info,Additional information,
Crs_Domestic_Signal,CaseId,int,Scenario Key, Scenario hash key,
Crs_Domestic_Signal,ReportTime,double,Report time, Time,
Crs_Domestic_Signal,Type,int,Crs Code,Crs identification code,
Crs_Domestic_Signal,Penalty,float,Penalty Score,Penalty Score,
Crs_Domestic_Signal,Situation,string,Situation,Situation description,
Crs_Domestic_Signal,Info,string,Info,Additional information,
Crs_Domestic_Discipline,CaseId,int,Scenario Key, Scenario hash key,
Crs_Domestic_Discipline,ReportTime,double,Report time, Time,
Crs_Domestic_Discipline,Type,int,Crs Code,Crs identification code,
Crs_Domestic_Discipline,Penalty,float,Penalty Score,Penalty Score,
Crs_Domestic_Discipline,Situation,string,Situation,Situation description,
Crs_Domestic_Discipline,Info,string,Info,Additional information,
Crs_Domestic_Collision,CaseId,int,Scenario Key, Scenario hash key,
Crs_Domestic_Collision,ReportTime,double,Report time, Time,
Crs_Domestic_Collision,Type,int,Crs Code,Crs identification code,
Crs_Domestic_Collision,Penalty,float,Penalty Score,Penalty Score,
Crs_Domestic_Collision,Situation,string,Situation,Situation description,
Crs_Domestic_Collision,Info,string,Info,Additional information,
Crs_Interior_Misc,CaseId,int,Scenario Key, Scenario hash key,
Crs_Interior_Misc,ReportTime,double,Report time, Time,
Crs_Interior_Misc,Type,int,Crs Code,Crs identification code,
Crs_Interior_Misc,Penalty,float,Penalty Score,Penalty Score,
Crs_Interior_Misc,Situation,string,Situation,Situation description,
Crs_Interior_Misc,Info,string,Info,Additional information,
Crs_Interior_Plan,CaseId,int,Scenario Key, Scenario hash key,
Crs_Interior_Plan,ReportTime,double,Report time, Time,
Crs_Interior_Plan,Type,int,Crs Code,Crs identification code,
Crs_Interior_Plan,Penalty,float,Penalty Score,Penalty Score,
Crs_Interior_Plan,Situation,string,Situation,Situation description,
Crs_Interior_Plan,Info,string,Info,Additional information,
Crs_Interior_Comfort,CaseId,int,Scenario Key, Scenario hash key,
Crs_Interior_Comfort,ReportTime,double,Report time, Time,
Crs_Interior_Comfort,Type,int,Crs Code,Crs identification code,
Crs_Interior_Comfort,Penalty,float,Penalty Score,Penalty Score,
Crs_Interior_Comfort,Situation,string,Situation,Situation description,
Crs_Interior_Comfort,Info,string,Info,Additional information,
Crs_Interior_Grounding,CaseId,int,Scenario Key, Scenario hash key,
Crs_Interior_Grounding,ReportTime,double,Report time, Time,
Crs_Interior_Grounding,Type,int,Crs Code,Crs identification code,
Crs_Interior_Grounding,Penalty,float,Penalty Score,Penalty Score,
Crs_Interior_Grounding,Situation,string,Situation,Situation description,
Crs_Interior_Grounding,Info,string,Info,Additional information,
Crs_Interior_DayTime,CaseId,int,Scenario Key, Scenario hash key,
Crs_Interior_DayTime,ReportTime,double,Report time, Time,
Crs_Interior_DayTime,Type,int,Crs Code,Crs identification code,
Crs_Interior_DayTime,Penalty,float,Penalty Score,Penalty Score,
Crs_Interior_DayTime,Situation,string,Situation,Situation description,
Crs_Interior_DayTime,Info,string,Info,Additional information,
Crs_Interior_NightTime,CaseId,int,Scenario Key, Scenario hash key,
Crs_Interior_NightTime,ReportTime,double,Report time, Time,
Crs_Interior_NightTime,Type,int,Crs Code,Crs identification code,
Crs_Interior_NightTime,Penalty,float,Penalty Score,Penalty Score,
Crs_Interior_NightTime,Situation,string,Situation,Situation description,
Crs_Interior_NightTime,Info,string,Info,Additional information,
Crs_Interior_Headon,CaseId,int,Scenario Key, Scenario hash key,
Crs_Interior_Headon,ReportTime,double,Report time, Time,
Crs_Interior_Headon,Type,int,Crs Code,Crs identification code,
Crs_Interior_Headon,Penalty,float,Penalty Score,Penalty Score,
Crs_Interior_Headon,Situation,string,Situation,Situation description,
Crs_Interior_Headon,Info,string,Info,Additional information,
Crs_Interior_Berthing,CaseId,int,Scenario Key, Scenario hash key,
Crs_Interior_Berthing,ReportTime,double,Report time, Time,
Crs_Interior_Berthing,Type,int,Crs Code,Crs identification code,
Crs_Interior_Berthing,Penalty,float,Penalty Score,Penalty Score,
Crs_Interior_Berthing,Situation,string,Situation,Situation description,
Crs_Interior_Berthing,Info,string,Info,Additional information,
Crs_Interior_Overtaking,CaseId,int,Scenario Key, Scenario hash key,
Crs_Interior_Overtaking,ReportTime,double,Report time, Time,
Crs_Interior_Overtaking,Type,int,Crs Code,Crs identification code,
Crs_Interior_Overtaking,Penalty,float,Penalty Score,Penalty Score,
Crs_Interior_Overtaking,Situation,string,Situation,Situation description,
Crs_Interior_Overtaking,Info,string,Info,Additional information,
Crs_Interior_GiveWay,CaseId,int,Scenario Key, Scenario hash key,
Crs_Interior_GiveWay,ReportTime,double,Report time, Time,
Crs_Interior_GiveWay,Type,int,Crs Code,Crs identification code,
Crs_Interior_GiveWay,Penalty,float,Penalty Score,Penalty Score,
Crs_Interior_GiveWay,Situation,string,Situation,Situation description,
Crs_Interior_GiveWay,Info,string,Info,Additional information,
Crs_Interior_Speed,CaseId,int,Scenario Key, Scenario hash key,
Crs_Interior_Speed,ReportTime,double,Report time, Time,
Crs_Interior_Speed,Type,int,Crs Code,Crs identification code,
Crs_Interior_Speed,Penalty,float,Penalty Score,Penalty Score,
Crs_Interior_Speed,Situation,string,Situation,Situation description,
Crs_Interior_Speed,Info,string,Info,Additional information,
Crs_Interior_Signal,CaseId,int,Scenario Key, Scenario hash key,
Crs_Interior_Signal,ReportTime,double,Report time, Time,
Crs_Interior_Signal,Type,int,Crs Code,Crs identification code,
Crs_Interior_Signal,Penalty,float,Penalty Score,Penalty Score,
Crs_Interior_Signal,Situation,string,Situation,Situation description,
Crs_Interior_Signal,Info,string,Info,Additional information,
Crs_Interior_Discipline,CaseId,int,Scenario Key, Scenario hash key,
Crs_Interior_Discipline,ReportTime,double,Report time, Time,
Crs_Interior_Discipline,Type,int,Crs Code,Crs identification code,
Crs_Interior_Discipline,Penalty,float,Penalty Score,Penalty Score,
Crs_Interior_Discipline,Situation,string,Situation,Situation description,
Crs_Interior_Discipline,Info,string,Info,Additional information,
Crs_Interior_Collision,CaseId,int,Scenario Key, Scenario hash key,
Crs_Interior_Collision,ReportTime,double,Report time, Time,
Crs_Interior_Collision,Type,int,Crs Code,Crs identification code,
Crs_Interior_Collision,Penalty,float,Penalty Score,Penalty Score,
Crs_Interior_Collision,Situation,string,Situation,Situation description,
Crs_Interior_Collision,Info,string,Info,Additional information,
Crossing,CaseId,int,Scenario Key, Scenario hash key,
Crossing,OwnShip,int,OwnShip,Own Ship
Crossing,TargetShip,int,TargetShip,Target Ship
Crossing,StartTime,double,Reading start time,Reading start time,time 
Crossing,EndTime,double,Reading end time,Reading end time,time 
GiveWay,CaseId,int,Scenario Key, Scenario hash key,
GiveWay,OwnShip,int,OwnShip,Own Ship
GiveWay,TargetShip,int,TargetShip,Target Ship
GiveWay,StartTime,double,Reading start time,Reading start time,time 
GiveWay,EndTime,double,Reading end time,Reading end time,time 
HeadOn,CaseId,int,Scenario Key, Scenario hash key,
HeadOn,OwnShip,int,OwnShip,Own Ship
HeadOn,TargetShip,int,TargetShip,Target Ship
HeadOn,StartTime,double,Reading start time,Reading start time,time 
HeadOn,EndTime,double,Reading end time,Reading end time,time 
Overtaking,CaseId,int,Scenario Key, Scenario hash key,
Overtaking,OwnShip,int,OwnShip,Own Ship
Overtaking,TargetShip,int,TargetShip,Target Ship
Overtaking,StartTime,double,Reading start time,Reading start time,time 
Overtaking,EndTime,double,Reading end time,Reading end time,time 
StandOn,CaseId,int,Scenario Key, Scenario hash key,
StandOn,OwnShip,int,OwnShip,Own Ship
StandOn,TargetShip,int,TargetShip,Target Ship
StandOn,StartTime,double,Reading start time,Reading start time,time 
StandOn,EndTime,double,Reading end time,Reading end time,time 
Traffic,CaseId,int,Scenario Key, Scenario hash key,
Traffic,OwnShip,int,OwnShip,Own Ship
Traffic,TargetShip,int,TargetShip,Target Ship
Traffic,StartTime,double,Reading start time,Reading start time,time 
Traffic,EndTime,double,Reading end time,Reading end time,time 
Collision,CaseId,int,Scenario Key, Scenario hash key,
Collision,OwnShip,int,OwnShip,Own Ship
Collision,TargetShip,int,TargetShip,Target Ship
Collision,ReportTime,double,Report time,Time,
Collision,Distance,double,Distance,Distance,
Approach,CaseId,int,Scenario Key, Scenario hash key,
Approach,OwnShip,int,OwnShip,Own Ship
Approach,TargetShip,int,TargetShip,Target Ship
Approach,ReportTime,double,Report time,Time,
Approach,Distance,double,Distance,Distance,
Concern,CaseId,int,Scenario Key, Scenario hash key,
Concern,ReportTime,double,Report time, Time,
Concern,VesselId,int,Vessel IMO,Vessel IMO,
Concern,Source,string,Producer family - examiner colreg or local,Source,
Concern,Examiner,string,Examiner class or rule that raised the finding,Raised by,
Concern,Event,string,Violation identifier,Event,
Concern,Area,string,Innermost named map shape the vessel was in,Area,
Concern,Zone,string,Spatial zone - the i index of Ro as in fact_rl,Zone,
Concern,Concern,string,Cross-cutting concern - the j index of Ro as in fact_rl,Concern,
Concern,Penalty,float,Penalty score from the scorecard,Penalty,
Concern,Value,float,Quantity behind the violation,Value,
RiskAssessment,CaseId,int,Scenario Key, Scenario hash key,
RiskAssessment,ReportTime,double,Report time, Time,
RiskAssessment,OwnShip,int,Vessel IMO,Vessel IMO,
RiskAssessment,Zone,string,Spatial zone the vessel was in,Zone,
RiskAssessment,PCollision,float,Probability of collision,P(collision),
RiskAssessment,PGrounding,float,Probability of grounding,P(grounding),
RiskAssessment,PCommsLoss,float,Probability of losing the AUV link,P(comms loss),
RiskAssessment,PAnyHazard,float,Exact joint probability that any hazard occurs,P(any hazard),
RiskAssessment,PSumHazard,float,Sum of the marginals - an upper bound kept for comparison,Sum of marginals,
RiskAssessment,IndividualRisk,float,P(harm_to_humans = fatality) - individual risk of Kristensen et al. eq. (4) - not monetised,Individual risk,
RiskAssessment,Cost,float,Instantaneous expected loss summed over Rl,Expected Loss,
RiskAssessment,Increment,float,Survival-weighted amount added to the voyage total,Increment,
RiskAssessment,Survival,float,Probability of reaching this point without a hazardous event,Survival,
RiskAssessment,Cumulative,float,Cumulative expected loss for the voyage,Cumulative Loss,
Rw,CaseId,int,Scenario Key, Scenario hash key,
Rw,ReportTime,double,Report time, Time,
Rw,Concern,string,Cross-cutting concern - the j index of Rw,Concern,
Rw,Weight,float,Normalised weight of the concern - weights sum to 1,Weight,
Rw,Declared,float,Weight as declared in the territory risk file,Declared,
Rb,CaseId,int,Scenario Key, Scenario hash key,
Rb,ReportTime,double,Report time - the sample as in fact_risk_assessment, Time,
Rb,VesselId,int,Vessel IMO,Vessel IMO,
Rb,Zone,string,Spatial zone - the i index as in fact_concern,Zone,
Rb,Concern,string,Cross-cutting concern - the j index as in fact_concern,Concern,
Rb,Exposure,float,Expected loss this concern contributes to the sample,Exposure,USD
Rl,CaseId,int,Scenario Key, Scenario hash key,
Rl,ReportTime,double,Report time, Time,
Rl,OwnShip,int,Vessel IMO,Vessel IMO,
Rl,Matrix,string,Rl serialized as a MATLAB literal - rows are spatial zones and columns are concerns in the order logged at startup - all values USD,Rl,USD
UnderTest,CaseId,int,Scenario Key, Scenario hash key,
UnderTest,ReportTime,double,Report time,Time,
UnderTest,Filtered,int,1 when a list restricts the run - 0 when every vessel is under test,Filtered,
UnderTest,VesselId,int,Vessel IMO,Vessel IMO,
UnderTest,Guid,string,Vessel guid as in vessel.s3db,Guid,
UnderTest,Name,string,Vessel name,Name,
UnderTest,Entry,string,List entry that named the vessel - key=value,Entry,
UnderTest,Source,string,File the list was loaded from,Source,
UnderTest,Telemetry,string,Fact tables whose rows are kept only for vessels under test,Telemetry,
